auid,name
0,Suzanne Collins
1,J.K. Rowling
2,Mary GrandPré
3,Stephenie Meyer
4,Harper Lee
5,F. Scott Fitzgerald
6,John Green
7,J.R.R. Tolkien
8,J.D. Salinger
9,Dan Brown
10,Jane Austen
11,Khaled Hosseini
12,Veronica Roth
13,George Orwell
14,Erich Fromm
15,Celâl Üster
16,Anne Frank
17,Eleanor Roosevelt
18,B.M. Mooyaart-Doubleday
19,Stieg Larsson
20,Reg Keeland
21,Rufus Beck
22,Alice Sebold
23,William Golding
24,William Shakespeare
25,Robert           Jackson
26,Gillian Flynn
27,Kathryn Stockett
28,John Steinbeck
29,Arthur Golden
30,E.L. James
31,Paulo Coelho
32,Alan R. Clarke
33,Lois Lowry
34,C.S. Lewis
35,Audrey Niffenegger
36,George R.R. Martin
37,Elizabeth Gilbert
38,Rick Riordan
39,Louisa May Alcott
40,Charlotte Brontë
41,Michael Mason
42,Nicholas Sparks
43,Yann Martel
44,Sara Gruen
45,Markus Zusak
46,Ray Bradbury
47,Shel Silverstein
48,Cassandra Clare
49,Christopher Paolini
50,Douglas Adams
51,Aldous Huxley
52,Sue Monk Kidd
53,Mark Twain
54,John Seelye
55,Guy Cardwell
56,E.B. White
57,Garth Williams
58,Rosemary Wells
59,Mark Haddon
60,Paula Hawkins
61,Philip Pullman
62,Emily Brontë
63,Richard J. Dunn
64,Jodi Picoult
65,Kurt Vonnegut Jr.
66,Margaret Mitchell
67,Stephen Chbosky
68,Orson Scott Card
69,Mary Wollstonecraft Shelley
70,Percy Bysshe Shelley
71,Maurice Hindle
72,Stephen King
73,Helen Fielding
74,Tony Tanner
75,Ros Ballaster
76,Louis Sachar
77,Lauren Weisberger
78,Homer
79,Robert Fagles
80,E.V. Rieu
81,Frédéric Mugler
82,Bernard Knox
83,Antoine de Saint-Exupéry
84,Richard Howard
85,Dom Marcos Barbosa
86,Melina Karakosta
87,Jeannette Walls
88,Jon Krakauer
89,Charles Dickens
90,Richard Maxwell
91,Hablot Knight Browne
92,Michael Crichton
93,John Grisham
94,Elie Wiesel
95,Marion Wiesel
96,William Goldman
97,S.E. Hinton
98,James Dashner
99,Steven D. Levitt
100,Stephen J. Dubner
101,Frances Hodgson Burnett
102,Gabriel García Márquez
103,Gregory Rabassa
104,Oscar Wilde
105,Jeffrey Eugenides
106,Bram Stoker
107,Nina Auerbach
108,David J. Skal
109,Barbara Kingsolver
110,David Sedaris
111,Maurice Sendak
112,Alexandre Dumas
113,Robin Buss
114,Cormac McCarthy
115,Sophie Kinsella
116,Victor Hugo
117,Lee Fahnestock
118,Norman MacAfee
119,Kim Edwards
120,Jojo Moyes
121,Joseph Heller
122,Mitch Albom
123,Saulius Dagys
124,Madeleine L'Engle
125,Amy Tan
126,Margaret Atwood
127,Ann Brashares
128,Gregory Maguire
129,Douglas Smith
130,Emma Donoghue
131,Richard Andrews
132,Rex Gibson
133,Frank Herbert
134,Malcolm Gladwell
135,Walter Isaacson
136,Ken Kesey
137,Ernest Hemingway
138,L.M. Montgomery
139,Rebecca Wells
140,Diana Gabaldon
141,Nathaniel Hawthorne
142,Thomas E. Connolly
143,Nina Baym
144,Ransom Riggs
145,Andy Weir
146,Ken Follett
147,Anthony Doerr
148,Laura Hillenbrand
149,Donna Tartt
150,Jay Asher
151,Tracy Chevalier
152,Gayle Forman
153,Anita Diamant
154,Emily Giffin
155,Dr. Seuss
156,לאה נאור
157,Roald Dahl
158,Quentin Blake
159,Rainbow Rowell
160,Ally Condie
161,Neil Gaiman
162,Bernie Wrightson
163,Fiona Stafford
164,Leo Tolstoy
165,Louise Maude
166,Leo Tolstoj
167,Aylmer Maude
168,Anthony Burgess
169,William Paul Young
170,Fyodor Dostoyevsky
171,David McDuff
172,Sylvia Plath
173,Frank McCourt
174,Hermann Hesse
175,Hilda Rosner
176,Truman Capote
177,Kami Garcia
178,Margaret Stohl
179,Erin Morgenstern
180,Philippa Gregory
181,Scott Westerfeld
182,Cheryl Strayed
183,Alan Moore
184,Dave Gibbons
185,John Higgins
186,Patrick Rothfuss
187,Herman Melville
188,Andrew Delbanco
189,Tom Quirk
190,Mary Ann Shaffer
191,Annie Barrows
192,Chuck Palahniuk
193,Charlaine Harris
194,Alice Walker
195,John Grogan
196,Agatha Christie
197,Becca Fitzpatrick
198,Anne Rice
199,Kiera Cass
200,Janet Evanovich
201,Rebecca Skloot
202,Thomas Harris
203,Richelle Mead
204,Ian McEwan
205,Franz Kafka
206,Stanley Corngold
207,Ernest Cline
208,Garth Stein
209,Erik Larson
210,Tony Goldwyn
211,Sylvia Day
212,Pauline Baynes
213,Mark Cotta Vaz
214,Dave Pelzer
215,Robert Ludlum
216,Eoin Colfer
217,Lauren Kate
218,Emma McLaughlin
219,Nicola Kraus
220,Lewis Carroll
221,John Tenniel
222,Martin Gardner
223,James Kinsley
224,Deidre Shauna Lynch
225,Tatiana de Rosnay
226,Edith Grossman
227,Laurie Halse Anderson
228,Liane Moriarty
229,Augusten Burroughs
230,Max Brooks
231,James Patterson
232,Katherine Paterson
233,P.C. Cast
234,Kristin Cast
235,Stephen R. Covey
236,Barbara A. Mowat
237,Paul Werstine
238,Catherine Belsey
239,Jonathan Safran Foer
240,R.J. Palacio
241,Marissa Meyer
242,Robert Galbraith
243,Maggie Stiefvater
244,Ayn Rand
245,Leonard Peikoff
246,Greg Mortenson
247,David Oliver Relin
248,Jane Carruth
249,Rene Cloke
250,Carlos Ruiz Zafón
251,Lucia Graves
252,Frances Mayes
253,Gail Carson Levine
254,Betty  Smith
255,Kristin Hannah
256,Kazuo Ishiguro
257,Cecelia Ahern
258,Daphne du Maurier
259,Sally Beauman
260,Daniel Keyes
261,Laura Esquivel
262,Thomas  Christensen
263,Carol Christensen
264,Lisa See
265,Mario Puzo
266,Robert Thompson
267,Peter Bart
268,Isaac Asimov
269,John Tiffany
270,Jack Thorne
271,Lauren Oliver
272,Terry Pratchett
273,Jack Kerouac
274,Graeme Simsion
275,Tom Clancy
276,Richard Adams
277,Mindy Kaling
278,Abraham Verghese
279,Robert Louis Stevenson
280,Eric Carle
281,H.G. Wells
282,Greg Bear
283,Carlo Pagetti
284,Todd Burpo
285,Lynn Vincent
286,John Boyne
287,Joseph Conrad
288,Rhonda Byrne
289,Wally Lamb
290,Jennifer Weiner
291,Colleen McCullough
292,Dave McKean
293,M.L. Stedman
294,Cornelia Funke
295,Anthea Bell
296,Spencer Johnson
297,Kenneth H. Blanchard
298,Bill Bryson
299,Maya Angelou
300,Christina Baker Kline
301,Maria Semple
302,Wilson Rawls
303,Milan Kundera
304,Michael Henry Heim
305,John Irving
306,Janet Fitch
307,Marie Lu
308,Randy Pausch
309,Jeffrey Zaslow
310,Robert Jordan
311,Lisa Genova
312,David Nicholls
313,Margaret Wise Brown
314,Clement Hurd
315,Pittacus Lore
316,L. Frank Baum
317,W.W. Denslow
318,Hunter S. Thompson
319,Ralph Steadman
320,Amy Poehler
321,Toni Morrison
322,Kristin Cashore
323,Lemony Snicket
324,Brett Helquist
325,Erich Maria Remarque
326,A.W. Wheen
327,Philip K. Dick
328,Roger Zelazny
329,George Cruikshank
330,Philip Horne
331,Stephanie Perkins
332,David   Lloyd
333,David McCullough
334,Dean Koontz
335,Jerry Spinelli
336,Robert A. Heinlein
337,Jack London
338,Jhumpa Lahiri
339,Deborah Harkness
340,Haruki Murakami
341,Jay Rubin
342,Billie Letts
343,David Levithan
344,James Frey
345,Susan Cain
346,Scott O'Dell
347,Arthur Miller
348,Christopher Bigsby
349,Gary Paulsen
350,Brandon Sanderson
351,Vladimir Nabokov
352,Mervyn Peake
353,Dan Chaon
354,Jeff Kinney
355,Sarah J. Maas
356,Jamie Ford
357,Patrick Süskind
358,John E. Woods
359,Eric Schlosser
360,William Gibson
361,Edgar Allan Poe
362,Sun Tzu
363,Thomas Cleary
364,William Landay
365,Betty Edwards
366,Ann Patchett
367,Jared Diamond
368,Fannie Flagg
369,Chinua Achebe
370,Gary Chapman
371,Chris Cleave
372,Alyson Noel
373,Diane Setterfield
374,Paula McLain
375,Umberto Eco
376,William Weaver
377,Seán Barrett
378,Beatrice Sparks
379,Anonymous
380,John Kennedy Toole
381,Walker Percy
382,Philip Gabriel
383,J.R. Ward
384,Arundhati Roy
385,Stephen Hawking
386,Cao Chi
387,Phạm Văn Thiều
388,Neal Stephenson
389,Sarah Dessen
390,A.A. Milne
391,Ernest H. Shepard
392,S.J. Watson
393,Arthur Conan Doyle
394,Rick Warren
395,Jim Butcher
396,Alfred MacAdam
397,Rick Yancey
398,Charles Frazier
399,Laura Joffe Numeroff
400,Felicia Bond
401,Tennessee Williams
402,Elizabeth Kostova
403,Emily St. John Mandel
404,Fredrik Backman
405,Henning Koch
406,Pearl S. Buck
407,John Berger
408,Chuck Dixon
409,David Wenzel
410,Sean Deming
411,Junot Díaz
412,Zora Neale Hurston
413,Newt Scamander
414,Albus Dumbledore
415,Malala Yousafzai
416,Christina Lamb
417,Kathryn Sutherland
418,Claire Lamont
419,Viktor E. Frankl
420,Tana French
421,Richard Dawkins
422,Lee Child
423,Daniel Defoe
424,Gerald McCann
425,Virginia Woolf
426,Niccolò Machiavelli
427,Adolph Caso
428,Rufus Goodwin
429,Benjamin Martinez
430,Terry Goodkind
431,Kathleen Grissom
432,Richard Pevear
433,Larissa Volokhonsky
434,Jeanne DuPrau
435,Kahlil Gibran
436,Art Spiegelman
437,Dave Eggers
438,Jean M. Auel
439,Anna Sewell
440,Henry Gifford
441,Bret Easton Ellis
442,Meg Cabot
443,Alexander McCall Smith
444,Robert Kirkman
445,Tony Moore
446,Arthur C. Clarke
447,Francine Rivers
448,Tim LaHaye
449,Jerry B. Jenkins
450,Barbara Ehrenreich
451,Patricia Cornwell
452,Corrie ten Boom
453,John Sherrill
454,Elizabeth Sherrill
455,Pat Conroy
456,Michael Chabon
457,Simone Elkeles
458,J.M. Barrie
459,Michael Hague
460,Michael Connelly
461,David Mitchell
462,Tim O'Brien
463,Banksy
464,Jeff Lindsay
465,Jonathan Swift
466,Robert DeMaria Jr.
467,Gail Kern Paster
468,Robert          Jackson
469,Unknown
470,Seamus Heaney
471,Frank Miller
472,David Mazzucchelli
473,Richmond Lewis
474,Dennis O'Neil
475,Laini Taylor
476,Victoria Aveyard
477,Charles Duhigg
478,John Berendt
479,Colleen Hoover
480,Nancy Bond
481,Laura Ingalls Wilder
482,Margery Williams Bianco
483,William   Nicholson
484,Robert M. Pirsig
485,Sara Shepard
486,Don Freeman
487,Michael Pollan
488,Kate Atkinson
489,Kenneth Branagh
490,Thomas Hardy
491,Tim Dolin
492,Margaret R. Higonnet
493,Gustave Flaubert
494,Margaret Mauldon
495,Malcolm Bowie
496,Mark Overstall
497,Norton Juster
498,Jules Feiffer
499,Ned Vizzini
500,Vanessa Diffenbaugh
501,Klaus Janson
502,Lynn Varley
503,Nick Hornby
504,John Gray
505,Anthony Bourdain
506,Voltaire
507,Natalie Babbitt
508,Marie Milpois
509,P.D. Eastman
510,E.H. Gombrich
511,Robert T. Kiyosaki
512,Lev Grossman
513,Tsugumi Ohba
514,Takeshi Obata
515,Libba Bray
516,Tammara Webber
517,Jeremy Tambling
518,Sherman Alexie
519,Ellen Forney
520,Mikhail Bulgakov
521,Katherine Tiernan O'Connor
522,Diana Burgin
523,Ellendea Proffer
524,Ursula K. Le Guin
525,Kate DiCamillo
526,Chris Sheban
527,John Knowles
528,Miguel de Cervantes Saavedra
529,Roberto González Echevarría
530,John Rutherford
531,Robin Hobb
532,Beatrix Potter
533,Susanna Kaysen
534,Chelsea Handler
535,Richard Bach
536,Russell Munson
537,Robert Munsch
538,Sheila McGraw
539,Daniel James Brown
540,Christopher Tolkien
541,Ted Nasmith
542,Kate Morton
543,Edwin Muir
544,Willa Muir
545,Max Brod
546,Piper Kerman
547,Anne Perry
548,Daniel Kahneman
549,Marion Zimmer Bradley
550,Judy Blume
551,Chris Bohjalian
552,Chris Van Allsburg
553,Jon Scieszka
554,Lane Smith
555,Margaret Jull Costa
556,Sheryl Sandberg
557,Nell Scovell
558,Tahereh Mafi
559,Jostein Gaarder
560,Paulette Møller
561,Jennifer Egan
562,Johanna Spyri
563,Angelo  Rinaldi
564,Beverly Cleary
565,Alex Flinn
566,Geoffrey Chaucer
567,Nevill Coghill
568,Harriet Beecher Stowe
569,Gaston Leroux
570,Alexander Teixeira de Mattos
571,José Saramago
572,Giovanni Pontiero
573,Jonathan Franzen
574,Ally Carter
575,Aravind Adiga
576,Barack Obama
577,Judith Viorst
578,Ray Cruz
579,Howard Zinn
580,Justin Cronin
581,Celeste Ng
582,Isabel Allende
583,Magda Bogin
584,Ροζίτα Σώκου
585,Chimamanda Ngozi Adichie
586,Christopher McDougall
587,Gabrielle Zevin
588,Ludwig Bemelmans
589,Napoleon Hill
590,Susanna Clarke
591,Michael  Grant
592,Jess Walter
593,Matthew Quick
594,Jules Verne
595,Anthony Bonner
596,Maureen Howard
597,Jonas Jonasson
598,Rod Bradbury
599,Richard Bachman
600,Michael Glencross
601,Brian W. Aldiss
602,Sharon Creech
603,Julie Powell
604,Neal Shusterman
605,Kate Egan
606,Eckhart Tolle
607,Tite Kubo
608,Allie Brosh
609,Gregory David Roberts
610,Ned Dameron
611,Jeffery Deaver
612,Bernhard Schlink
613,Carol Brown Janeway
614,Bill Martin Jr.
615,Dan Simmons
616,William Peter Blatty
617,David Guterson
618,Alex Haley
619,Brian Bolland
620,Tim Sale
621,Ralph Ellison
622,Ishmael Beah
623,Robert C. O'Brien
624,Melissa Bank
625,Christopher Moore
626,Jenny  Lawson
627,Scott Lynch
628,Garth Nix
629,Jennifer L. Armentrout
630,Bryan Lee O'Malley
631,Julie Kagawa
632,Larry McMurtry
633,Mary Roach
634,Thomas Keneally
635,Malcolm X
636,Sam Kieth
637,Mike Dringenberg
638,Malcolm Jones III
639,Todd Klein
640,Karen  Berger
641,Dennis Lehane
642,Roma Gill
643,Plato
644,Desmond Lee
645,Patti Smith
646,Phaidon Press
647,Jane Green
648,Walter J. Cobb
649,Rohinton Mistry
650,Bill Watterson
651,G.B. Trudeau
652,Kate Chopin
653,Justin Halpern
654,Irvine Welsh
655,Eric Lindor Fall
656,Miguel Ruiz
657,Jacob Grimm
658,Wilhelm Grimm
659,Josef Scharl
660,Padraic Colum
661,Joseph Campbell
662,Margaret Raine Hunt
663,James Stern
664,E.L. Konigsburg
665,Francis Chan
666,Danae Yankoski
667,Chris Tomlin
668,Helen Keller
669,Jonathan Tropper
670,Seth Grahame-Smith
671,Natsuki Takaya
672,Alethea Nibley
673,Athena Nibley
674,Brian Selznick
675,Christopher Hitchens
676,Bisco Hatori
677,Mary Kubica
678,Hilary Mantel
679,Diana Wynne Jones
680,William Olivier Desmond
681,Henry David Thoreau
682,Julian Barnes
683,Sue Grafton
684,Sophocles
685,J.E. Thomas
686,Kenneth Grahame
687,Gillian Avery
688,Marjane Satrapi
689,Mattias Ripa
690,E.M. Forster
691,Kody Keplinger
692,J.D. Robb
693,Masashi Kishimoto
694,Katy Bridges
695,Rachel Joyce
696,James Clavell
697,John Archambault
698,Lois Ehlert
699,Raina Telgemeier
700,Jacquelyn Mitchard
701,Louise Rennison
702,Robin Sloan
703,V.C. Andrews
704,Ellen Raskin
705,Pierce Brown
706,Brent Weeks
707,Jamie McGuire
708,Sam McBratney
709,Anita Jeram
710,John D. MacDonald
711,Peter Benchley
712,Nicole Krauss
713,Astrid Lindgren
714,Lauren Child
715,Florence Lamborn
716,Nancy Seligsohn
717,Muriel Barbery
718,Alison Anderson
719,Doris Kearns Goodwin
720,Suzanne Toren
721,Albert Camus
722,Stuart Gilbert
723,Susannah Cahalan
724,Melissa Marr
725,H.A. Rey
726,Michael Ende
727,Ralph Manheim
728,Roswitha Quadflieg
729,Sylvia Nasar
730,Upton Sinclair
731,Earl Lee
732,Kathleen DeGrave
733,Kelley Armstrong
734,Oliver Sacks
735,Andre Dubus III
736,M.R. Carey
737,William Faulkner
738,Crockett Johnson
739,Hiromu Arakawa
740,Akira Watanabe
741,Joan Didion
742,Lionel Shriver
743,Edith Wharton
744,Geraldine Brooks
745,Sylvain Reynard
746,Judi Barrett
747,Ron Barrett
748,Helen Simonson
749,Nora Roberts
750,John Scalzi
751,Irma S. Rombauer
752,Marion Rombauer Becker
753,Ethan Becker
754,Joe Haldeman
755,Bettina Blanch Tyroller
756,Azar Nafisi
757,Joe Abercrombie
758,Annie Proulx
759,Marie Kondō
760,Cathy Hirano
761,Jennifer Niven
762,فرانک معنوی
763,Kathy Reichs
764,Michael Scott
765,Margaret Sayers Peden
766,Jessica Knoll
767,Ellen Hopkins
768,Richard Matheson
769,Elizabeth Strout
770,Lena Dunham
771,Joana Avillez
772,James C. Collins
773,J.A. Redmerski
774,Kimberly McCreight
775,Michael Cunningham
776,Alice Clayton
777,Susan Ee
778,Richard Russo
779,Jandy Nelson
780,Catherine Hardwicke
781,Richard Feynman
782,James Joyce
783,Seamus Deane
784,George Eliot
785,Michel Faber
786,S.C. Stephens
787,Scott Turow
788,Stacy Schiff
789,Thomas L. Friedman
790,Marcus Pfister
791,J. Alison James
792,Gretchen Rubin
793,Vincent Bugliosi
794,Curt Gentry
795,Robert Kapilow
796,Dante Alighieri
797,Anthony M. Esolen
798,Patricia Briggs
799,Melissa de la Cruz
800,Caleb Carr
801,Ta-Nehisi Coates
802,John Milton
803,John      Leonard
804,Michael   Lewis
805,Patrick Ness
806,Jim Kay
807,Siobhan Dowd
808,Frederick Forsyth
809,Jason Fried
810,David Heinemeier Hansson
811,Ilyana Kadushin
812,Matt Walters
813,Carol Rifka Brunt
814,James Herriot
815,Emmuska Orczy
816,Jon Stone
817,Michael J. Smollin
818,Leigh Bardugo
819,Herman Koch
820,Sam Garrett
821,Carl Sagan
822,Zadie Smith
823,Chris Kyle
824,Scott McEwen
825,Jim DeFelice
826,Meg Wolitzer
827,Better Homes and Gardens
828,Basil Creighton
829,Tess Gerritsen
830,Timothy Basil Ering
831,Steven L. Hopp
832,Camille Kingsolver
833,Richard A. Houser
834,Alan Bradley
835,Donald Miller
836,Brian K. Vaughan
837,Fiona Staples
838,Chad Harbach
839,Brandon Mull
840,Mildred D. Taylor
841,Constance Garnett
842,Alan Myers
843,Joseph Frank
844,Anna Brailovsky
845,Aziz Ansari
846,Eric Klinenberg
847,Katherine Applegate
848,Patricia Castelao
849,Sebastian Junger
850,Jim Fergus
851,Darrel Anderson
852,Salman Rushdie
853,Margaret Peterson Haddix
854,Elizabeth George Speare
855,Wilkie Collins
856,Matthew Sweet
857,Jenny Han
858,James McBride
859,Karen Marie Moning
860,William Makepeace Thackeray
861,John Carey
862,Dominique Dill
863,Cynthia D'Aprix Sweeney
864,Bill Willingham
865,Lan Medina
866,Steve Leialoha
867,Craig Hamilton
868,James Jean
869,David    Allen
870,James Redfield
871,Huntley Fitzpatrick
872,Chetan Bhagat
873,Laurell K. Hamilton
874,Rosemarie Morgan
875,Shannon Russell
876,Mark Z. Danielewski
877,Willa Cather
878,Susan Beth Pfeffer
879,Jon Stewart
880,Ben Karlin
881,David Javerbaum
882,Rich Bloomquist
883,Steve Bodow
884,Tim Carvell
885,Eric Drysdale
886,J.R. Havlan
887,Scott Jacobson
888,Tom Johnson
889,Rob Kutner
890,Chris Regan
891,Jason Reich
892,Jason Ross
893,Stephen Colbert
894,Samantha Bee
895,Rob Corddry
896,Brendan Hay
897,Ed Helms
898,Don Piper
899,Cecil Murphey
900,Lao Tzu
901,Gia-Fu Feng
902,Jane English
903,Chungliang Al Huang
904,Rowena Pattee Kryder
905,Toinette Lippe
906,Jeffrey Archer
907,Hans Christian Andersen
908,Lily Owens
909,Arthur Rackham
910,Hans Richter
911,Friedrich Nietzsche
912,Walter Kaufmann
913,Elizabeth Gaskell
914,Alan Shelston
915,Jaycee Dugard
916,Aesop
917,Laura Harris
918,Laura Gibbs
919,Matsuri Hino
920,Tomo Kimura
921,Anne McCaffrey
922,Teodor Panasiński
923,John D. Rateliff
924,Joanne Harris
925,Jay Anson
926,Michael Ondaatje
927,Jeri Johnson
928,Colum McCann
929,Harlan Coben
930,Rachel Hawkins
931,Austin Kleon
932,Christina Lauren
933,Joyce Carol Oates
934,Scott McCloud
935,Jon Ronson
936,David Baldacci
937,Jonathan Stroud
938,Richard Dahm
939,Paul Dinello
940,Allison Silverman
941,Michael Brumm
942,Eric Drydale
943,Rob Dubbin
944,Glenn Eichler
945,Peter Grosz
946,Peter Gwinn
947,Jay Katsir
948,Laura Krafft
949,Frank Lesser
950,Tom Purcell
951,Leon Uris
952,Ursula Hegi
953,Raymond Chandler
954,Ellen DeGeneres
955,Eowyn Ivey
956,Allen Mandelbaum
957,Eugenio Montale
958,Benjamin Hoff
959,Sarah Dunant
960,David Lagercrantz
961,George Goulding
962,Emma Cline
963,Shannon Hale
964,Isaac Marion
965,Everett H. Emerson
966,Elif Shafak
967,إليف شافاق
968,ارسلان فصیحی
969,محمد درويش
970,Hajime Isayama
971,Sheldon Drzka
972,Olive Ann Burns
973,Elena Ferrante
974,Ann Goldstein
975,Timothy Ferriss
976,Robin S. Sharma
977,Amor Towles
978,Larry Niven
979,Ruta Sepetys
980,Andrew Clements
981,Louise Erdrich
982,Hanya Yanagihara
983,Pia Guerra
984,José Marzán Jr.
985,Anne Tyler
986,Jennifer Bassett
987,Benjamin Alire Sáenz
988,Johann David Wyss
989,Scott McKowen
990,Arthur Pober
991,Jennifer Probst
992,Watty Piper
993,Doris Hauman
994,George Hauman
995,Karen Joy Fowler
996,Alan Brennert
997,Frank E. Peretti
998,Lauren Groff
999,Brian Greene
1000,Janell Cannon
1001,Nancy Horan
1002,Lorelei King
1003,Flora Rheta Schreiber
1004,Rosamunde Pilcher
1005,Ronald Holt
1006,Bill O'Reilly
1007,Martin Dugard
1008,John Flanagan
1009,Ira Levin
1010,Peter Straub
1011,Katherine Boo
1012,P.L. Travers
1013,Mary Shepard
1014,Sandra Cisneros
1015,David Benioff
1016,Jeaniene Frost
1017,Peter de Jonge
1018,James S.A. Corey
1019,Ezra Jack Keats
1020,Richard   Preston
1021,Lynne Truss
1022,Kim Harrison
1023,Clement C. Moore
1024,Jan Brett
1025,Cynthia Hand
1026,Lee Strobel
1027,Carl Hiaasen
1028,Virgil
1029,Robert Fitzgerald
1030,Daniel Quinn
1031,Katie McGarry
1032,Kennilworthy Whisp
1033,Harry Allard
1034,James  Marshall
1035,Jerry N. Uelsmann
1036,Trenton Lee Stewart
1037,Carson Ellis
1038,Abbi Glines
1039,Jennifer E. Smith
1040,Tom Robbins
1041,Jenna Blum
1042,Beth Revis
1043,M. Scott Peck
1044,Gertrude Chandler Warner
1045,L. Kate Deal
1046,A.S.A. Harrison
1047,Caitlin Moran
1048,Keith Richards
1049,Anita Shreve
1050,Don DeLillo
1051,Stephen E. Ambrose
1052,Charles Darwin
1053,Craig Thompson
1054,David Wroblewski
1055,Christina Schwarz
1056,Charles Bukowski
1057,Kyle Freeman
1058,Eiichirō Oda
1059,Andy Nakatani
1060,Peter S. Beagle
1061,Angie Sage
1062,Rudyard Kipling
1063,Terry Hayes
1064,Allen Ginsberg
1065,William Carlos Williams
1066,Richard Carlson
1067,Adam Mansbach
1068,Ricardo Cortés
1069,Téa Obreht
1070,Maria V. Snyder
1071,Joseph Smith Jr.
1072,Karin Slaughter
1073,Yana Toboso
1074,Robert Mighall
1075,Emily Seife
1076,Peter V. Brett
1077,John Bunyan
1078,Andrew R. MacAndrew
1079,Ben Marcus
1080,Carson McCullers
1081,T.H. White
1082,Christopher Paul Curtis
1083,Alison Bechdel
1084,Dan Ariely
1085,Lynne Reid Banks
1086,Jesse Andrews
1087,Simon Winchester
1088,Andrew Gross
1089,Jasper Fforde
1090,Faye Perozich
1091,John Bolton
1092,Daerick Gröss
1093,Adam McCauley
1094,Dalai Lama XIV
1095,Howard C. Cutler
1096,Anna Quindlen
1097,L.J. Smith
1098,Kevin Williamson
1099,Julie Plec
1100,Chuck Klosterman
1101,Evelyn Waugh
1102,Jessie Burton
1103,Margaret Weis
1104,Tracy Hickman
1105,Julia Cameron
1106,Joe Hill
1107,Robert K. Massie
1108,Marcus Luttrell
1109,Patrick Robinson
1110,Richard Wright
1111,Veronica Rossi
1112,Eric Ries
1113,David Eddings
1114,Roberto Aguirre-Sacasa
1115,Mike Perkins
1116,Laura       Martin
1117,William L. Shirer
1118,Jeff Smith
1119,Steve Hamaker
1120,Paz Pruneda
1121,Brian Jacques
1122,Karl Marx
1123,Friedrich Engels
1124,Gareth Stedman Jones
1125,Ruth Ware
1126,James Fenimore Cooper
1127,William Styron
1128,Bruce H. Wilkinson
1129,Karen Thompson Walker
1130,Julia Child
1131,Alex Prud'Homme
1132,Amish Tripathi
1133,Wendelin Van Draanen
1134,Travis Bradberry
1135,Jean Greaves
1136,Patrick Lencioni
1137,Robert McCloskey
1138,Douglas Preston
1139,Lincoln Child
1140,Nicola Yoon
1141,David Yoon
1142,George Bernard Shaw
1143,Louis de Bernières
1144,Adam Johnson
1145,Blake Ferris
1146,Anjali Singh
1147,Chaim Potok
1148,Irving Stone
1149,שמואל שניצר
1150,Peggy Parish
1151,Fritz Siebel
1152,W. Bruce Cameron
1153,Sabaa Tahir
1154,Helene Wecker
1155,Nicola Bradbury
1156,Esphyr Slobodkina
1157,Tamora Pierce
1158,James Ellroy
1159,Peter Glassman
1160,Jung Chang
1161,Guillermo del Toro
1162,Chuck Hogan
1163,Emily Dickinson
1164,Thomas H. Johnson
1165,Fred Gipson
1166,Steve Martin
1167,Frank Warren
1168,Mary Norton
1169,Beth Krush
1170,Joe Krush
1171,Alfred Birnbaum
1172,Alexandra Bracken
1173,Norman Vincent Peale
1174,Nina Bawden
1175,Hiro Mashima
1176,William Flanagan
1177,Nate  Taylor
1178,Nathaniel Philbrick
1179,Ayaan Hirsi Ali
1180,Nassim Nicholas Taleb
1181,Aleksandr Solzhenitsyn
1182,H.T. Willetts
1183,Walter M. Miller Jr.
1184,Colm Tóibín
1185,Lauren DeStefano
1186,J.D. Vance
1187,Stephen Crane
1188,Randall Munroe
1189,Steven Erikson
1190,Colson Whitehead
1191,Cora Carmack
1192,J.M. Coetzee
1193,Arnold Lobel
1194,B.A. Paris
1195,Michael Shaara
1196,Sharon M. Draper
1197,Amanda Hocking
1198,Boris Pasternak
1199,Max Hayward
1200,Manya Harari
1201,John Bayley
1202,Blake Crouch
1203,P.D. James
1204,Jane Hamilton
1205,Frank  Muller
1206,C.J. Critt
1207,O. Henry
1208,Lisbeth Zwerger
1209,Tom Wolfe
1210,William S. Burroughs
1211,James Grauerholz
1212,Barry  Miles
1213,Kelley Jones
1214,Charles Vess
1215,Colleen Doran
1216,Steve Erickson
1217,Lech Jęczmyk
1218,Maureen Johnson
1219,Lauren Myracle
1220,Atul Gawande
1221,Henrik Ibsen
1222,Michael   Meyer
1223,James A. Michener
1224,Richard Yates
1225,Rachel Cohn
1226,Tom Stoppard
1227,Henry Popkin
1228,Alex Garland
1229,Beth Hoffman
1230,Jenna Lamia
1231,Raymond E. Feist
1232,Jennifer Crusie
1233,Nelson Mandela
1234,Bryce Courtenay
1235,Dashiell Hammett
1236,Daniel Goleman
1237,Munro Leaf
1238,Robert Lawson
1239,Walter Scott
1240,Kiersten White
1241,Adriana Trigiani
1242,MacLeod Andrews
1243,Andre Agassi
1244,J.R. Moehringer
1245,Anthony Horowitz
1246,Dick Hill
1247,Richard Ferrone
1248,Daniel H. Pink
1249,Jeph Loeb
1250,Gregory Wright
1251,Richard Starkings
1252,Jean-Paul Sartre
1253,Lloyd Alexander
1254,Hayden Carruth
1255,John Eldredge
1256,Peter Ackroyd
1257,Ed Glinert
1258,Doreen Cronin
1259,Betsy Lewin
1260,Kendare Blake
1261,Avi
1262,Robert Goolrick
1263,Leif Enger
1264,Janette Sebring Lowrey
1265,Gustaf Tenggren
1266,Maeve Binchy
1267,Kate Jacobs
1268,David Foster Wallace
1269,John Wyndham
1270,Patrick deWitt
1271,Marcelo Barbão
1272,Shilpi Somaya Gowda
1273,Montserrat Mira
1274,Katherine Duncan-Jones
1275,Ron Hall
1276,Denver Moore
1277,Tracy Kidder
1278,Mark  Lawrence
1279,Nancy Farmer
1280,Walt Whitman
1281,D.H. Lawrence
1282,Doris Lessing
1283,Chester Brown
1284,George S. Clason
1285,Leigh Eddings
1286,Goran Skrobonja
1287,Sarah Addison Allen
1288,Frederick Douglass
1289,Greg Behrendt
1290,Liz Tuccillo
1291,Alev Lytle Croutier
1292,Rachel Caine
1293,Stasi Eldredge
1294,Peter David
1295,Robin Furth
1296,Jae Lee
1297,Richard Isanove
1298,Ruth Ozeki
1299,Tucker Max
1300,Robert B. Cialdini
1301,Stephen Marlowe
1302,Louise Fitzhugh
1303,Sarah Waters
1304,Marian Keyes
1305,Louise Penny
1306,John Ajvide Lindqvist
1307,Benjamin F. Fisher
1308,Morgan Matson
1309,Oswald Chambers
1310,Andrea Cremer
1311,Naomi Novik
1312,Alfred Lansing
1313,Rebecca Stead
1314,Phyllis Reynolds Naylor
1315,Jo Nesbø
1316,Don Bartlett
1317,Stephen Kendrick
1318,Alex Kendrick
1319,Ben Sherwood
1320,Dale Carnegie
1321,Sidney Sheldon
1322,M.C. Escher
1323,Bruce Brooks Pfeiffer
1324,Donna Woolfolk Cross
1325,Sebastian Faulks
1326,Joshua Foer
1327,Sue Miller
1328,Maxine Paetro
1329,Norman Bridwell
1330,Katy Evans
1331,Anne Brontë
1332,Stevie Davies
1333,Walter Farley
1334,Keith Ward
1335,Tomie dePaola
1336,R.L. Mathewson
1337,David Bayles
1338,Ted Orland
1339,Hayden Herrera
1340,C.C. Hunter
1341,Mo Willems
1342,Henry James
1343,Patricia Crick
1344,Gustave Doré
1345,Charlotte Perkins Gilman
1346,Noah Hawley
1347,B.A. Shapiro
1348,Marilynne Robinson
1349,Thomas Pynchon
1350,David Alabort
1351,Manuel Espín
1352,Terry Brooks
1353,Ann-Marie MacDonald
1354,Tracey Garvis-Graves
1355,Miep Gies
1356,Alison Leslie Gold
1357,Clive Cussler
1358,Michael Bond
1359,Peggy Fortnum
1360,Nelson DeMille
1361,Rumiko Takahashi
1362,David Seltzer
1363,Tom Rob Smith
1364,Nancy E. Turner
1365,Amanda Hopkinson
1366,Nick Caistor
1367,Audrey Penn
1368,Ruth E. Harper
1369,Nancy M. Leak
1370,John Elder Robison
1371,Sherrilyn Kenyon
1372,Gabrielle Charbonnet
1373,Curtis Sittenfeld
1374,Anthony Kiedis
1375,Larry Sloman
1376,Brigitte Walitzek
1377,Gail Carriger
1378,Lisa McMann
1379,Siddhartha Mukherjee
1380,Deepak Chopra
1381,Anne Lamott
1382,Kerstin Gier
1383,Timothy Zahn
1384,Robin Cook
1385,Louise L. Hay
1386,Emma Straub
1387,Patricia C. Wrede
1388,Peter de Sève
1389,John Sandford
1390,Tami Hoag
1391,Melanie Benjamin
1392,David Shannon
1393,William Strunk Jr.
1394,R.A. Salvatore
1395,Jerry Pournelle
1396,John  Williams
1397,John McGahern
1398,David Cote
1399,Stephen Schwartz
1400,Joan Marcus
1401,Winnie Holzman
1402,Garth Ennis
1403,Steve Dillon
1404,Joe R. Lansdale
1405,Edmond Rostand
1406,Eteel Lawson
1407,Lowell Bair
1408,Anne Fadiman
1409,J. Kenner
1410,Steve Parkhouse
1411,Chris Bachalo
1412,Michael Zulli
1413,Clive Barker
1414,Eleanor H. Porter
1415,Hugh Howey
1416,J.H. Williams III
1417,Dave Stewart
1418,Howard Pyle
1419,Lawrence Hill
1420,Richard Francis Burton
1421,A.S. Byatt
1422,Lily King
1423,Louis Darling
1424,Tracy Dockray
1425,Carrie Ryan
1426,Eleanor Catton
1427,Chip Heath
1428,Dan Heath
1429,Piers Paul Read
1430,Joyce Meyer
1431,Richard Castle
1432,Iain Banks
1433,Marisha Pessl
1434,Rob Lowe
1435,Kevin Kwan
1436,Mike Mignola
1437,John Byrne
1438,Francine du Plessix Gray
1439,Joachim Neugroschel
1440,Shirley Jackson
1441,Laura   Miller
1442,Dodie Smith
1443,John Jakes
1444,Marcus Aurelius
1445,Martin Hammond
1446,Diskin Clay
1447,Dave Barry
1448,Ridley Pearson
1449,Greg Call
1450,Sigmund Freud
1451,Mary Karr
1452,Jeff VanderMeer
1453,Leonard Mlodinow
1454,Reza Aslan
1455,Jan-Philipp Sendker
1456,Kevin Wiliarty
1457,Iain M. Banks
1458,David J. Schwartz
1459,Carlo Collodi
1460,Monteiro Lobato
1461,Robin LaFevers
1462,Stormie Omartian
1463,Henry Miller
