city,state,cid
Kansas City,Missouri,0
New Haven,Connecticut,1
Baton Rouge,Louisiana,2
Long Beach,California,3
Fort Worth,Texas,4
Philadelphia,Pennsylvania,5
Saint Paul,Minnesota,6
Pittsburgh,Pennsylvania,7
Minneapolis,Minnesota,8
Milwaukee,Wisconsin,9
Washington,District of Columbia,10
El Paso,Texas,11
Fort Lauderdale,Florida,12
Rockford,Illinois,13
Fairbanks,Alaska,14
Lexington,Kentucky,15
Sacramento,California,16
Boston,Massachusetts,17
Orlando,Florida,18
Atlanta,Georgia,19
Lancaster,Pennsylvania,20
Cleveland,Ohio,21
Miami,Florida,22
Syracuse,New York,23
Davenport,Iowa,24
Columbus,Ohio,25
Bethlehem,Pennsylvania,26
Des Moines,Iowa,27
Dallas,Texas,28
Santa Rosa,California,29
Wilmington,Delaware,30
Phoenix,Arizona,31
Wichita,Kansas,32
Lincoln,Nebraska,33
Fairfield,Connecticut,34
Portland,Oregon,35
San Jose,California,36
Arlington,Virginia,37
Fort Smith,Arkansas,38
Albuquerque,New Mexico,39
Lansing,Michigan,40
Hayward,California,41
San Francisco,California,42
New Orleans,Louisiana,43
Birmingham,Alabama,44
Tulsa,Oklahoma,45
Crawfordsville,Indiana,46
Fort Wayne,Indiana,47
Inglewood,California,48
Saint Louis,Missouri,49
Eugene,Oregon,50
Shreveport,Louisiana,51
White Plains,New York,52
Louisville,Kentucky,53
Raleigh,North Carolina,54
Simi Valley,California,55
Los Angeles,California,56
Oakland,California,57
Port Washington,New York,58
Columbia,South Carolina,59
Newark,New Jersey,60
Carol Stream,Illinois,61
Albany,New York,62
Toledo,Ohio,63
Omaha,Nebraska,64
Knoxville,Tennessee,65
South Bend,Indiana,66
Providence,Rhode Island,67
Juneau,Alaska,68
Houston,Texas,69
Seattle,Washington,70
Elmira,New York,71
Olympia,Washington,72
Fullerton,California,73
Tucson,Arizona,74
Lakewood,Washington,75
Austin,Texas,76
Richmond,Virginia,77
Yakima,Washington,78
Jackson,Mississippi,79
Brooksville,Florida,80
High Point,North Carolina,81
Sandy,Utah,82
Waco,Texas,83
Oklahoma City,Oklahoma,84
Fresno,California,85
Pasadena,California,86
Jamaica,New York,87
Charlotte,North Carolina,88
Bismarck,North Dakota,89
Grand Rapids,Michigan,90
Montgomery,Alabama,91
Chicago,Illinois,92
Nashville,Tennessee,93
Lakeland,Florida,94
Stockton,California,95
Irvine,California,96
Lubbock,Texas,97
Santa Ana,California,98
San Diego,California,99
Augusta,Georgia,100
Petaluma,California,101
Longview,Texas,102
Elizabeth,New Jersey,103
Dayton,Ohio,104
Delray Beach,Florida,105
Boca Raton,Florida,106
Brea,California,107
Denver,Colorado,108
Greenville,South Carolina,109
Little Rock,Arkansas,110
San Antonio,Texas,111
Bozeman,Montana,112
Buffalo,New York,113
Aurora,Colorado,114
Jefferson City,Missouri,115
Clearwater,Florida,116
Memphis,Tennessee,117
Shawnee Mission,Kansas,118
Las Vegas,Nevada,119
Topeka,Kansas,120
Daytona Beach,Florida,121
Youngstown,Ohio,122
Biloxi,Mississippi,123
Paterson,New Jersey,124
Johnson City,Tennessee,125
Rochester,New York,126
Fargo,North Dakota,127
Springfield,Illinois,128
Fort Myers,Florida,129
Bronx,New York,130
Waterloo,Iowa,131
Tuscaloosa,Alabama,132
Erie,Pennsylvania,133
Tampa,Florida,134
Salt Lake City,Utah,135
Alexandria,Virginia,136
New York City,New York,137
Lake Charles,Louisiana,138
Spokane,Washington,139
Trenton,New Jersey,140
Cincinnati,Ohio,141
Meridian,Mississippi,142
Indianapolis,Indiana,143
Beaverton,Oregon,144
Roanoke,Virginia,145
Pocatello,Idaho,146
Marietta,Georgia,147
Saint Petersburg,Florida,148
Savannah,Georgia,149
Norfolk,Virginia,150
Murfreesboro,Tennessee,151
Manassas,Virginia,152
Riverside,California,153
Peoria,Illinois,154
Melbourne,Florida,155
Cheyenne,Wyoming,156
Farmington,Michigan,157
Winter Haven,Florida,158
Tyler,Texas,159
Bakersfield,California,160
Palmdale,California,161
Midland,Michigan,162
Reno,Nevada,163
Monticello,Minnesota,164
Akron,Ohio,165
Carlsbad,California,166
Charleston,West Virginia,167
Baltimore,Maryland,168
Worcester,Massachusetts,169
Silver Spring,Maryland,170
Colorado Springs,Colorado,171
Charlottesville,Virginia,172
Bloomington,Indiana,173
San Angelo,Texas,174
West Hartford,Connecticut,175
Saginaw,Michigan,176
Virginia Beach,Virginia,177
Santa Barbara,California,178
Irving,Texas,179
Huntsville,Alabama,180
Chesapeake,Virginia,181
Wilkes Barre,Pennsylvania,182
Denton,Texas,183
