eid,uid,sid,salary,job_title
0,40,0,37000,Salesperson
1,160,4,37000,Salesperson
2,135,0,12000,Salesperson
3,246,3,34000,Manager
4,154,6,38000,Salesperson
5,351,3,22000,Manager
6,301,4,20000,Salesperson
7,317,0,12000,Salesperson
8,31,2,37000,Salesperson
9,97,3,38000,Salesperson
10,6,1,35000,Manager
11,352,3,29000,Manager
12,255,4,27000,Salesperson
13,143,0,14000,Salesperson
14,65,2,30000,Salesperson
15,389,3,29000,Salesperson
16,310,5,15000,Manager
17,110,6,33000,Manager
18,199,2,12000,Manager
19,189,2,29000,Manager
20,57,2,24000,Salesperson
21,249,2,31000,Salesperson
22,119,6,36000,Manager
23,318,4,28000,Salesperson
24,212,1,21000,Salesperson
25,305,2,15000,Salesperson
26,107,1,14000,Salesperson
27,87,5,37000,Salesperson
28,134,4,20000,Manager
29,179,3,32000,Salesperson
30,264,2,23000,Salesperson
31,183,2,39000,Manager
32,232,4,37000,Salesperson
33,188,1,29000,Salesperson
34,366,6,22000,Salesperson
35,14,1,27000,Salesperson
36,347,4,24000,Salesperson
37,78,2,31000,Salesperson
38,216,6,24000,Manager
39,294,2,20000,Salesperson
