uid,fName,lName,email,password,phone,pid
1,Joly,Hargey,jhargey0@imageshack.us,4DxRcJb,816-507-1544,0
2,Bordie,Jeanin,bjeanin1@bloglines.com,3PJ5PcE,203-793-0830,1
3,Lyda,Castanyer,lcastanyer2@columbia.edu,bYT2h9AqJqk5,225-566-1376,2
4,Felizio,Derrington,fderrington3@boston.com,vb3xrs4teI,562-592-6881,3
5,Rube,Halms,rhalms4@sciencedirect.com,UBGi4DC9d2no,682-138-6006,4
6,Hunfredo,Brake,hbrake5@abc.net.au,GsrPd6gmBx7,816-836-4831,5
7,Naomi,Hasley,nhasley6@so-net.ne.jp,u0oaezwl9fbH,215-372-0149,6
8,Micheil,Boggish,mboggish7@hatena.ne.jp,wf793PS,651-917-8488,7
9,Vaughn,McLauchlin,vmclauchlin8@slashdot.org,H0QJmO3Fy9,412-751-7375,8
10,Chaddy,Racher,cracher9@usa.gov,0e5HjY2,612-789-4145,9
11,Rockie,Aikett,raiketta@pinterest.com,IC5ExsO3zwW,414-534-0779,10
12,Natale,Learmonth,nlearmonthb@omniture.com,rO4t7Q,202-950-4118,11
13,Yuri,Doghartie,ydoghartiec@prnewswire.com,eCAJ7o1EPYrZ,915-941-3384,12
14,Galvan,Brisland,gbrislandd@census.gov,8foSxJRZ,954-432-0933,13
15,Maisie,Seebert,mseeberte@dropbox.com,WJAhEsYGI,815-416-7555,14
16,Husein,Wannes,hwannesf@hibu.com,J6NgTeF,907-692-3180,15
17,Ronnie,Ornils,rornilsg@istockphoto.com,fyGekjFj,859-198-7374,16
18,Reina,McCrossan,rmccrossanh@cpanel.net,wC5l80Z5anQo,225-575-8864,17
19,Milka,Mitchiner,mmitchineri@instagram.com,qI30gbAAmze,916-242-0395,18
20,Ulick,Hartland,uhartlandj@marriott.com,4webM9mHON1T,915-845-0286,19
21,Guendolen,Keirl,gkeirlk@oracle.com,1Y30X0r45,978-203-1500,20
22,Ethe,Muckersie,emuckersiel@dropbox.com,OUVlU6AVT,407-295-5028,21
23,Zacherie,Kringe,zkringem@constantcontact.com,I0RZoOfJ7,404-905-3567,22
24,Renate,Tremethack,rtremethackn@mtv.com,2xtJscT,717-987-3682,23
25,Hollyanne,Critoph,hcritopho@cisco.com,kwjrzQRzD,216-459-0340,24
26,Prudi,Arrault,parraultp@whitehouse.gov,haJL8d4pbs,786-266-6565,25
27,Nonah,Cheavin,ncheavinq@scientificamerican.com,dmNGf1wyQ,315-408-0226,26
28,Jean,MacAndrew,jmacandrewr@tumblr.com,KRV8Eznp,563-543-8961,27
29,Roda,Charer,rcharers@yandex.ru,iuhWvY5IR,614-585-3199,28
30,Glenine,Kidsley,gkidsleyt@discovery.com,3eX4pp4,267-365-4301,29
31,Dennie,Berkeley,dberkeleyu@tripod.com,yh6sCVPn,515-499-5331,30
32,Jessalin,Jachimczak,jjachimczakv@alibaba.com,T3pnKd,216-494-1383,31
33,Robbert,Faulder,rfaulderw@godaddy.com,u2I1mGhs2fNg,214-953-4217,32
34,Janot,McGrae,jmcgraex@tripod.com,DoIlGWql,707-209-3311,33
35,Chevy,Jeeks,cjeeksy@mozilla.org,twIMpuK5XH,302-335-8532,34
36,Caroline,Govey,cgoveyz@youku.com,JYWYYVY1J,623-578-9362,35
37,Eldin,Callister,ecallister10@java.com,Z6a0vSOTf,316-548-4341,36
38,Rodrick,Iddison,riddison11@wikia.com,k6dShrBwg0,402-707-4441,37
39,Bennett,Senett,bsenett12@cornell.edu,1aR9ImDzG27,915-458-7522,38
40,Marty,Lusgdin,mlusgdin13@networksolutions.com,hXeg3e7PZE,203-235-0281,39
41,Darn,Claussen,dclaussen14@cocolog-nifty.com,kxaXPGxp4Njd,404-933-0420,40
42,Thorstein,McLane,tmclane15@independent.co.uk,Xj4vo4Sv9,971-343-6834,41
43,Eddie,Elis,eelis16@foxnews.com,nQz7iKrzPM9,408-133-0350,42
44,Patrice,Chumley,pchumley17@deliciousdays.com,J5Cu6mNp,571-331-6142,43
45,Sheryl,Backhurst,sbackhurst18@vimeo.com,BJOZ6Ht06Vt,479-228-7099,44
46,Leena,Tregoning,ltregoning19@sun.com,Y3KMCYavbsv,505-450-3878,45
47,Gloria,Aggis,gaggis1a@vinaora.com,0ioCQP,517-534-7182,46
48,Frasier,Alesio,falesio1b@issuu.com,wE7qjzY6w3o,510-706-5254,47
49,Ilene,Hansard,ihansard1c@forbes.com,qKE2CxTPHo,415-926-8561,48
50,Verla,Cunniam,vcunniam1d@arstechnica.com,iJKpGW,504-191-2151,49
51,Maxy,Sokill,msokill1e@squidoo.com,KjIlEm,205-392-9076,50
52,Vitoria,Valenta,vvalenta1f@goo.gl,wBmdTCp5cFa,918-665-5070,51
53,Giacopo,Skydall,gskydall1g@disqus.com,ievDU0Y91,765-744-9140,52
54,Corbin,Laise,claise1h@cisco.com,Gn3AxCyEu8pA,402-831-8221,53
55,Fabiano,Rielly,frielly1i@hud.gov,rVR10oQbX,260-280-5447,54
56,Page,McAvaddy,pmcavaddy1j@businessinsider.com,Qi8qdto,215-837-6194,55
57,Leah,Spiring,lspiring1k@youtube.com,lmAUh6Y,310-802-5757,56
58,Niki,Chinery,nchinery1l@cdc.gov,Z0IvPlR8wQ,314-893-6822,57
59,Merilyn,Uren,muren1m@wikimedia.org,3WC6TVI,541-565-1583,58
60,Laird,Lidstone,llidstone1n@edublogs.org,h0pyTbksQ7g,318-895-8268,59
61,Terrell,Meffan,tmeffan1o@trellian.com,epe5Cg,202-869-0149,60
62,Reggie,Harlick,rharlick1p@chron.com,ukg0qCKgGg,845-518-4371,61
63,Sara,Ablewhite,sablewhite1q@state.gov,AvnqgMRGOQVU,502-455-5782,62
64,Matty,Gogin,mgogin1r@un.org,fsGETxRT9O,916-104-4410,63
65,Meriel,Coverdale,mcoverdale1s@mlb.com,024aNiwzsxz,919-205-5882,64
66,Gustaf,Robers,grobers1t@chronoengine.com,CpaLrv2,805-898-4143,65
67,Dasya,Hessle,dhessle1u@bbc.co.uk,Y1wcDzzty3ts,315-259-0220,66
68,Haleigh,Paprotny,hpaprotny1v@sciencedaily.com,eP6T7kiEEw,213-427-0277,67
69,Bernita,Wilmington,bwilmington1w@squarespace.com,i0nfvFI,510-302-6898,68
70,Rayshell,Fellenor,rfellenor1x@ycombinator.com,CJfVTmyAfa9L,516-743-2611,69
71,Cesar,Bage,cbage1y@ustream.tv,WANoXzAHcU,202-222-0528,70
72,Sadella,Sheehan,ssheehan1z@qq.com,4OVmyDiHF,215-181-4543,71
73,Brana,Maccrae,bmaccrae20@bing.com,JEWIwj1,803-397-6579,72
74,Anselm,McKie,amckie21@ucoz.ru,36pPKfCySZkC,973-387-6140,73
75,Raimundo,Abley,rabley22@mtv.com,KDeO5Xr0X,309-881-1280,74
76,Isa,Canepe,icanepe23@engadget.com,pudz7ZW,518-773-6872,75
77,Meridel,Raft,mraft24@skype.com,TuPkhk,602-812-6861,76
78,Jerald,Mattusov,jmattusov25@etsy.com,1sY0yMfbO,419-820-7739,77
79,Granger,Knapp,gknapp26@google.com.au,M4cHUCdd1Qu,918-530-8288,78
80,Lindy,Cogin,lcogin27@psu.edu,brxWcxzv5g,402-405-3599,79
81,Avril,Greenroa,agreenroa28@aol.com,6lRcWAfpGLK,517-119-0030,80
82,Bernice,Luebbert,bluebbert29@timesonline.co.uk,juiS3xkz,205-682-2102,81
83,Dwayne,Doogood,ddoogood2a@zimbio.com,jpxWSMYrAXc,225-635-7677,82
84,Georges,Ashbe,gashbe2b@dell.com,Hsz4hIL,859-423-0232,83
85,Tibold,Jaray,tjaray2c@dagondesign.com,WUGEqJWo4,865-343-8409,84
86,Gerda,Camings,gcamings2d@hatena.ne.jp,FopLlJkByZ6K,574-903-7111,85
87,Albertine,Wooff,awooff2e@sitemeter.com,uk5Pyw,401-700-3403,86
88,Joleen,Elphee,jelphee2f@nsw.gov.au,L3v9z0mhq,907-870-5971,87
89,Wadsworth,Burnyate,wburnyate2g@twitter.com,axQWVLfuo7s,281-359-3444,88
90,Andras,Binestead,abinestead2h@indiegogo.com,jAXP3RNK,713-300-5234,89
91,Jenelle,Caitlin,jcaitlin2i@uiuc.edu,KUKuXuAr,425-694-6270,90
92,Joachim,Beakes,jbeakes2j@weather.com,Nn2i45DBGkL,607-532-3034,91
93,Gretna,Fullstone,gfullstone2k@noaa.gov,Rgz66f,502-258-9132,92
94,Gay,Welton,gwelton2l@who.int,xEItMIOHjEdV,803-846-6620,93
95,Barbee,Gridon,bgridon2m@engadget.com,1jobpM66VRZ,360-243-7074,94
96,Louella,Siehard,lsiehard2n@nba.com,uGp8C7w3,412-135-0178,95
97,Rachel,Cokayne,rcokayne2o@cafepress.com,N1EXauPU,714-366-7846,96
98,Winny,Foux,wfoux2p@ovh.net,VijleG5,520-160-6414,97
99,Bettina,Trippack,btrippack2q@netvibes.com,AqKGI63,253-315-0279,98
100,Margalo,Barbary,mbarbary2r@amazon.com,FiWtu74LY2hu,520-946-5525,99
101,Shem,Biss,sbiss2s@mlb.com,ydF7Z4saEt7,414-185-8775,100
102,Quincey,Shannahan,qshannahan2t@newsvine.com,WA43nl8OXADU,512-282-2543,101
103,Hartley,Aylmer,haylmer2u@comcast.net,iatPfvx6T9A,804-281-2358,102
104,Druci,Dear,ddear2v@pen.io,38HLnkRaPcu,205-600-9038,103
105,Gallard,Lafranconi,glafranconi2w@businessinsider.com,PpiGsicN,509-618-5113,104
106,Saudra,Tomini,stomini2x@indiatimes.com,sKhAe9p,601-474-4963,105
107,Aurel,Oriel,aoriel2y@boston.com,BIywZswpRkx1,352-936-9632,106
108,Ealasaid,Pountney,epountney2z@foxnews.com,Lp8AendGIfdC,336-976-8498,107
109,Ardisj,Wisdish,awisdish30@instagram.com,b0s1ny,682-421-5829,108
110,Fayina,Bate,fbate31@rambler.ru,HJWOQziDw,845-122-2930,109
111,Jemima,Bolden,jbolden32@fotki.com,aUDNNiPI,801-951-2147,110
112,Karel,McGow,kmcgow33@about.com,aFuB84PVdxS,360-351-2173,111
113,Daniele,Grasner,dgrasner34@skyrock.com,SlptFe,214-531-2750,112
114,Nahum,Semonin,nsemonin35@disqus.com,1qU8YeI,254-325-7676,113
115,Trudey,Calterone,tcalterone36@ucla.edu,qZimX1QgC3fl,202-666-1426,114
116,Kelcie,Trimmill,ktrimmill37@hexun.com,LAkXqed6Z1,405-214-3085,115
117,Gale,Gulston,ggulston38@163.com,WZvA4Tf,205-347-6757,116
118,Cristin,Pawelski,cpawelski39@g.co,NCPcx7,520-716-4569,117
119,Charline,Lovegrove,clovegrove3a@goo.gl,tPf1di2pg,559-155-5652,118
120,Tommie,Liebermann,tliebermann3b@rakuten.co.jp,k6InT9buUXj,402-437-2637,119
121,Kesley,Robey,krobey3c@home.pl,Q8AJGJJH4nrE,786-194-6673,120
122,Chiarra,Sherville,csherville3d@hatena.ne.jp,kfbtg2Hi0Q,203-540-5239,121
123,Susy,Richten,srichten3e@baidu.com,u79mPYaZ,626-355-5427,122
124,Lacy,Wedmore,lwedmore3f@who.int,ID3iUjkKxPxl,718-777-5258,123
125,Donnajean,Loads,dloads3g@usnews.com,w3RwaK20iV9,704-471-0156,124
126,Granger,Rishworth,grishworth3h@furl.net,KK5P6aTIpOh,713-999-3555,125
127,Beniamino,Fruish,bfruish3i@salon.com,BoYndfqOcr,626-650-4355,126
128,Luce,Richemont,lrichemont3j@squidoo.com,BXZCT1zDFKo,202-735-1350,127
129,Fenelia,Martinek,fmartinek3k@army.mil,dNmtaOY0,701-511-8897,128
130,Osborn,Cambden,ocambden3l@abc.net.au,2QgeeT45Po9T,865-287-5386,129
131,Petunia,Frew,pfrew3m@cpanel.net,deXmii,915-940-3258,130
132,Forster,Cunningham,fcunningham3n@drupal.org,AZv1xQjXxu,616-478-9304,131
133,Ozzy,O'Fallon,oofallon3o@cafepress.com,QmCoWv,334-175-6779,132
134,Raye,Farrer,rfarrer3p@ucsd.edu,wAC12cKkk1vv,503-739-1120,133
135,Bear,Karolyi,bkarolyi3q@timesonline.co.uk,9zTErdZLe,602-766-0018,134
136,Shae,Warlawe,swarlawe3r@yandex.ru,SRsUpjfr,630-901-7618,135
137,Merv,Wall,mwall3s@fda.gov,iwVlACZ7,918-387-2274,136
138,Brennan,Todarini,btodarini3t@auda.org.au,UOKUvg,615-350-8441,137
139,Dare,Mackneis,dmackneis3u@indiegogo.com,Ssz7jIhdTn,863-468-4134,138
140,Eulalie,Gatenby,egatenby3v@utexas.edu,0rajB8zyn,209-953-2877,139
141,Earl,Syred,esyred3w@ucla.edu,7nm6Q6Sngy,714-591-3029,140
142,Lanna,Berkeley,lberkeley3x@mlb.com,RaD3nySU,915-420-7921,141
143,Janene,Matus,jmatus3y@naver.com,mqTgo5XRXSmS,806-437-0065,142
144,Ev,Maylour,emaylour3z@xinhuanet.com,235dUi,205-548-2632,143
145,Huey,Annatt,hannatt40@ft.com,F1vx25ewz9,202-585-4707,144
146,Appolonia,Falla,afalla41@wp.com,4u3FBRdHpFID,601-918-8682,145
147,Harry,Sarten,hsarten42@eventbrite.com,1vAWgbeLEkNB,954-932-1788,146
148,Brooke,Monget,bmonget43@youtu.be,5RaCXnp,504-767-0061,147
149,Loni,Pierro,lpierro44@bravesites.com,ZBUbUUa,714-934-2507,148
150,Adrien,Bick,abick45@dmoz.org,S8iRfTiikb2,858-922-7470,149
151,Patric,Sirmond,psirmond46@google.com.hk,DfB5H8,559-839-9568,150
152,Etheline,Bedlington,ebedlington47@go.com,GTSsYVFT,706-282-4473,151
153,Brooke,Windrum,bwindrum48@jalbum.net,udzXXrpsA2K,316-803-8907,152
154,Dimitri,Chave,dchave49@npr.org,gwDh5H,918-556-4675,153
155,Adlai,Aleksidze,aaleksidze4a@youtube.com,fY0LOS,310-856-0151,154
156,Rina,Pendrid,rpendrid4b@theguardian.com,p0EKimlgXS,323-756-2560,155
157,Rooney,Robertelli,rrobertelli4c@istockphoto.com,onpSLD,707-492-4889,156
158,Ardisj,Dimnage,adimnage4d@technorati.com,kSaDrBVfIPC,903-980-4112,157
159,Adelle,Concannon,aconcannon4e@e-recht24.de,w2Zpdvc9C,541-735-4986,158
160,Chelsea,Gauvin,cgauvin4f@google.co.jp,QIeUCr,706-844-4804,159
161,Pansie,Spillane,pspillane4g@simplemachines.org,yAbc88O,414-846-6093,160
162,Avis,Windows,awindows4h@gnu.org,DsY5P2ejfEn8,832-315-2396,161
163,Anita,Bannard,abannard4i@fastcompany.com,6IagDa,915-209-9192,162
164,Leland,Littlemore,llittlemore4j@4shared.com,C9qvpsCA9Ta,617-609-0250,163
165,Richard,Macartney,rmacartney4k@jalbum.net,9aXhT7g9852p,971-470-4757,164
166,Franzen,Rubert,frubert4l@cnn.com,uEx2e9,401-910-0008,165
167,Eleonora,Cajkler,ecajkler4m@taobao.com,7eXARCSVY,908-788-0028,166
168,Sergent,Librey,slibrey4n@latimes.com,x5obhtJjEot,937-459-2990,167
169,Cody,Ansty,cansty4o@home.pl,UJWcMVgjd4,402-788-9484,168
170,Jackqueline,McReedy,jmcreedy4p@parallels.com,uSyv384LJ1x,310-150-2392,169
171,Merralee,Pallaske,mpallaske4q@blog.com,WDyAncZ3Br5A,614-599-4722,170
172,Torrin,Casado,tcasado4r@yahoo.co.jp,Xz05S3,561-507-9324,171
173,Karylin,Palumbo,kpalumbo4s@psu.edu,VGr9wDhF,517-943-5579,172
174,Rudolfo,McGriele,rmcgriele4t@theglobeandmail.com,nQxU2JL,561-118-2037,173
175,Jecho,Stockney,jstockney4u@engadget.com,Wi2tX27,818-405-2242,174
176,Christian,Withinshaw,cwithinshaw4v@virginia.edu,GBUiHl,215-742-4897,175
177,Truda,Wildber,twildber4w@wired.com,yxjX9GgHVHpB,202-256-1313,176
178,Vitoria,Mulqueeny,vmulqueeny4x@indiegogo.com,pYe8YEDkWr6,303-126-3850,177
179,Stephanie,McLeod,smcleod4y@uol.com.br,1koaKnyrv,-911-5380,178
180,Elbertine,Tuffell,etuffell4z@purevolume.com,yeBLVMIb,864-465-0002,179
181,Laney,Hows,lhows50@ow.ly,L27tOVYJE,501-302-6172,180
182,Celka,Muck,cmuck51@blog.com,KaBBcz8Nz,559-629-4957,181
183,Reeva,Gocher,rgocher52@pagesperso-orange.fr,rOzfFWX,830-971-3986,182
184,Tony,Klageman,tklageman53@alexa.com,aaeifHRvfUJb,406-842-4088,183
185,Marti,Cruft,mcruft54@yahoo.co.jp,abGqDmY3Cn11,716-123-5658,184
186,Ario,Tyer,atyer55@squidoo.com,qc8bAqotIE1,559-181-4001,185
187,Isidoro,Myton,imyton56@npr.org,r6y4KI5MJb,804-765-6935,186
188,Ramon,Spittle,rspittle57@nba.com,d9OrJJO,303-451-8978,187
189,Vikki,Orry,vorry58@yale.edu,I7lGzOVTg,573-194-4435,188
190,Kayne,Arend,karend59@woothemes.com,5kItYu3D0e5,727-677-1897,189
191,Gale,Neasham,gneasham5a@woothemes.com,IonBtm,901-708-9662,190
192,Burl,Carl,bcarl5b@gnu.org,PvD3x0,913-774-7124,191
193,Sidnee,Cajkler,scajkler5c@unesco.org,M4jfwCSH,407-199-9568,192
194,Clary,Prescote,cprescote5d@deliciousdays.com,si0nPa,702-380-7419,193
195,Mellisa,Trouncer,mtrouncer5e@yale.edu,XkegmzFcTbyQ,785-731-9295,194
196,Martelle,Kern,mkern5f@hc360.com,PKqr6F,915-828-8152,195
197,Diahann,Foulser,dfoulser5g@dell.com,a2tY13Qy,386-888-6572,196
198,Magdalen,McLagain,mmclagain5h@sun.com,qB9pMV2n,913-383-9352,197
199,Chico,Bambridge,cbambridge5i@google.es,9ZcxJc,520-689-6839,198
200,Dido,Slyford,dslyford5j@netscape.com,HgRLuNBTS,312-488-1380,199
201,Leda,Reynalds,lreynalds5k@stanford.edu,tztDvqu3m0Y7,520-828-0315,200
202,Loralie,Pembridge,lpembridge5l@omniture.com,Y00uPqh92GQ,330-493-9064,201
203,Ashia,Batrick,abatrick5m@nationalgeographic.com,oMbOcR,727-829-3721,202
204,Iorgos,Willcock,iwillcock5n@soup.io,0AXwAGZ3dpe,360-585-2114,203
205,Brunhilde,Janaszkiewicz,bjanaszkiewicz5o@eepurl.com,cuz4G0Tr2,714-391-2154,204
206,Jammie,Bugbee,jbugbee5p@wiley.com,EacJihel,323-287-1185,205
207,Marlow,Deaconson,mdeaconson5q@eepurl.com,F2eXTD,228-787-8853,206
208,Antonina,Crab,acrab5r@ezinearticles.com,cZWrUzxYZS0,973-471-7200,207
209,Norene,Kirwan,nkirwan5s@elpais.com,ymgitSbdNCE8,423-540-9699,208
210,Friedrich,Sackey,fsackey5t@quantcast.com,T5cUeGREv4,585-624-9940,209
211,Selby,Vaugham,svaugham5u@google.com.br,n11VgQs,701-572-2362,210
212,Corly,Hedylstone,chedylstone5v@imgur.com,thaTG9NQWgf,217-562-1545,211
213,Roderich,Gallant,rgallant5w@msu.edu,Bkn9PAyJzFXS,865-784-5399,212
214,Zacharie,Bras,zbras5x@oracle.com,AGmdTP,804-120-8570,213
215,Sukey,Hallward,shallward5y@fda.gov,A9PqoH9DgG,239-246-6700,214
216,Rouvin,Skentelbury,rskentelbury5z@facebook.com,JNt9CTnMr,718-148-8585,215
217,Scotty,Toulamain,stoulamain60@nifty.com,xm0ZqXIA4bAD,319-521-0438,216
218,Elissa,Rippingale,erippingale61@google.co.jp,43I1QX5uYC,205-777-9588,217
219,Stacey,Forton,sforton62@yahoo.co.jp,cvOlw2TIa,814-595-2997,218
220,Sadye,Bilt,sbilt63@google.com.br,GRHGlwdf6UBn,559-375-9214,219
221,Frieda,Bowyer,fbowyer64@com.com,4QIBJ1VkmJH,913-842-0475,220
222,Rivalee,Dillicate,rdillicate65@npr.org,7QjZBPZ,813-726-1365,221
223,Kassandra,Pipping,kpipping66@alibaba.com,2YLayrIZvN,801-461-7044,222
224,Farly,Clewlowe,fclewlowe67@github.io,cCkXJil,571-485-1097,223
225,Torry,Winslade,twinslade68@cdc.gov,dAG53yhCG5,225-358-1945,224
226,Elianore,Robottham,erobottham69@google.com,a58oXM4StXQ,704-578-4941,225
227,Shawn,McGivena,smcgivena6a@opensource.org,5tCDW3NSVR,402-936-0800,226
228,Shae,Itchingham,sitchingham6b@tinypic.com,N20TdXb6K,505-234-7935,227
229,Beryle,Tuffell,btuffell6c@acquirethisname.com,68mLeZw,212-728-2670,228
230,Melanie,McCory,mmccory6d@hhs.gov,PmjSowE2QtLW,337-636-4291,229
231,Georgy,Morl,gmorl6e@businessweek.com,YkqJdr7xdmD,210-506-2182,230
232,Jareb,Lewry,jlewry6f@mtv.com,nnQoFZzs,305-349-3399,231
233,Flor,Currey,fcurrey6g@diigo.com,Q0Zokg,952-761-6481,232
234,Christopher,Gillings,cgillings6h@sourceforge.net,6OKh9S2,559-872-9968,233
235,Caresse,Petran,cpetran6i@nyu.edu,fipKsninM1Mz,509-893-1169,234
236,Tyrus,Crisford,tcrisford6j@dmoz.org,KDPlM4i,203-581-1434,235
237,Pattie,Bickerstaff,pbickerstaff6k@mtv.com,e74HJaiIYf,402-311-1007,236
238,Conrad,Goad,cgoad6l@bing.com,M3l0WydUt2jU,813-916-8877,237
239,Elliot,Philipp,ephilipp6m@hatena.ne.jp,aAwecUkN,214-754-2191,238
240,Neala,MacGuigan,nmacguigan6n@japanpost.jp,Nr5XJb,407-891-1617,239
241,Nestor,Anders,nanders6o@cnet.com,0vbmN3A5noRE,915-399-1802,240
242,Joli,Kaubisch,jkaubisch6p@nasa.gov,IOBBZKU,212-128-7310,241
243,Annadiane,Driffill,adriffill6q@bbc.co.uk,youyJn,609-434-0521,242
244,Evangelia,Al Hirsi,ealhirsi6r@booking.com,LRum9548Ue,205-122-0678,243
245,Jerrylee,Ponceford,jponceford6s@linkedin.com,EpjyObkvSvqo,813-410-2408,244
246,Evita,Sword,esword6t@miitbeian.gov.cn,30Cmr8K,513-930-1057,245
247,Freedman,Wotherspoon,fwotherspoon6u@squidoo.com,r7a5M4CnP5,773-969-7072,246
248,Gerta,Roofe,groofe6v@foxnews.com,wwq7JMOYO,617-922-1911,247
249,Steffen,Ternent,sternent6w@ask.com,EKHdKoLF,601-723-8780,248
250,Rube,Collis,rcollis6x@springer.com,AGib0PL,832-366-5379,249
251,Iorgo,Maleney,imaleney6y@simplemachines.org,ernZZH,763-992-0302,250
252,Lucinda,Marfield,lmarfield6z@hp.com,vuL7G7JLiUu,318-213-5139,251
253,Lisa,Hanrahan,lhanrahan70@soundcloud.com,MeX9PNimmj,601-334-7328,252
254,Mira,Bruty,mbruty71@multiply.com,qMrf5a1AxKj,303-688-4085,253
255,Simeon,Liversidge,sliversidge72@vinaora.com,7WlPoUX2t,317-343-0822,254
256,Mort,Shelmerdine,mshelmerdine73@google.com.br,q6l4eMg,502-371-4672,255
257,Thaddus,Tunkin,ttunkin74@goodreads.com,ggCWYOP3ysa,720-113-7074,256
258,Christian,Ruprich,cruprich75@wiley.com,JqQqUgrH,406-331-3314,257
259,Tiffany,Parsand,tparsand76@youku.com,62ttgAJRqZT,503-930-7274,258
260,Colby,Kenington,ckenington77@feedburner.com,LYxXy1,513-216-3494,259
261,Nellie,Duncklee,nduncklee78@google.com.hk,AEKmgYh,619-339-3713,260
262,Haskell,Kneeshaw,hkneeshaw79@artisteer.com,q1H1cQiEbjd,540-652-7453,261
263,Micky,Babin,mbabin7a@squarespace.com,I99Gcr,781-662-2142,262
264,Munmro,Potticary,mpotticary7b@bing.com,guzkbHOi5,916-938-4166,263
265,Jacquetta,Vasiliev,jvasiliev7c@narod.ru,TOGUmj,513-157-9188,264
266,Danya,De La Salle,ddelasalle7d@huffingtonpost.com,42XU76w,520-946-1949,265
267,Clementine,Burdytt,cburdytt7e@addtoany.com,4dqkwKO72e,602-487-5057,266
268,Mitch,Worrall,mworrall7f@google.ca,mVAnURrpZ,317-906-1527,267
269,Lainey,Extence,lextence7g@epa.gov,q7tWi2YZDjR3,832-243-7611,268
270,Rodolfo,Mebius,rmebius7h@prnewswire.com,bCRHGh,208-356-6594,269
271,Chaunce,Haggidon,chaggidon7i@wix.com,PPaE0I,571-366-9953,270
272,Correna,MacAvaddy,cmacavaddy7j@uiuc.edu,dLyVGjpLT,302-208-1495,271
273,Stormie,MacIlhargy,smacilhargy7k@freewebs.com,d9rh2X,770-352-2823,272
274,Glyn,Ransom,gransom7l@smugmug.com,9Xl4Iar,601-172-9022,273
275,Adelaide,Deane,adeane7m@mit.edu,eagvdwMs,813-256-9028,274
276,Fritz,Haliburton,fhaliburton7n@prweb.com,OygZk08sUZO,937-356-6065,275
277,Dougy,Mohan,dmohan7o@hao123.com,V2vJrwsAEjz,202-248-5047,276
278,Phillida,Berrecloth,pberrecloth7p@4shared.com,wK4QzM,623-948-5381,277
279,Kelci,Gainsford,kgainsford7q@guardian.co.uk,p97VCoyYj,303-132-3089,278
280,Clive,Goodwell,cgoodwell7r@upenn.edu,9rRGpH4eb5gK,404-282-0903,279
281,Almeta,Marritt,amarritt7s@admin.ch,hFlZaVcIlY,212-397-9400,280
282,Paddie,Woodhams,pwoodhams7t@desdev.cn,gEY1ajy,727-744-9900,281
283,Donn,Maudsley,dmaudsley7u@chicagotribune.com,VqJW31b1,912-790-5175,282
284,Nial,Gumary,ngumary7v@t.co,i3KntJF,702-558-7511,283
285,Marilyn,Meadley,mmeadley7w@macromedia.com,VIl5pXd8h,714-264-2156,284
286,Garnette,Gladtbach,ggladtbach7x@ifeng.com,sR7Q4GSwJU,757-238-7737,285
287,Sam,Libero,slibero7y@twitpic.com,rl69mgLS,402-340-8281,286
288,Nicolina,Harbottle,nharbottle7z@blogspot.com,yov3IeV807,615-925-9702,287
289,Elisha,Lamb,elamb80@google.ru,yUmPj1RYUpUa,434-961-3598,288
290,Ileane,Jarrelt,ijarrelt81@noaa.gov,JNwfkD,513-163-0570,289
291,Josy,Greenin,jgreenin82@abc.net.au,kk20dcMSV,909-259-9692,290
292,Harper,Gino,hgino83@lycos.com,4Kv8iaJMYfw,713-915-4882,291
293,Cam,Woehler,cwoehler84@mysql.com,lr5wr2RsA8Tz,916-985-2329,292
294,Celene,Bessom,cbessom85@ovh.net,Nlvjw90,309-670-6963,293
295,Obie,Tatlowe,otatlowe86@goodreads.com,M4eed9xI,321-900-5803,294
296,Quentin,Abramchik,qabramchik87@soundcloud.com,7BAjO7n,307-655-6984,295
297,Brinn,Espadas,bespadas88@who.int,e1txe5AOuxih,407-276-8326,296
298,Agatha,Wisden,awisden89@xing.com,SyWgC2wic,915-345-1332,297
299,Melloney,Aronow,maronow8a@a8.net,VhvmDmQILla,720-202-5430,298
300,Godfry,Haney`,ghaney8b@si.edu,EkH1QamhN7B,309-618-0390,299
301,Rina,Wabe,rwabe8c@globo.com,5Dhr4UUNfG9,248-136-7440,300
302,Lise,Ciccotti,lciccotti8d@twitpic.com,UTCLA2,706-426-5032,301
303,Mohandas,Gilogly,mgilogly8e@canalblog.com,5tdDEcuhvBV,937-170-1648,302
304,Sibylla,Battison,sbattison8f@uiuc.edu,uMmHjkupdSXS,412-521-9520,303
305,Torey,Brunn,tbrunn8g@gov.uk,gSnDOIY05,615-376-2923,304
306,Samson,Belcher,sbelcher8h@statcounter.com,AdusGtn,323-162-4826,305
307,Sheilah,Broschke,sbroschke8i@google.fr,34XaP7t,704-998-5777,306
308,Clerkclaude,Kench,ckench8j@a8.net,0WtG6qA,863-285-3185,307
309,Daryl,Van Der Weedenburg,dvanderweedenburg8k@feedburner.com,Q2OsvNeDCJ,903-504-3247,308
310,Gannie,Adamiec,gadamiec8l@over-blog.com,INViCAQ8G,302-346-4000,309
311,Nate,Hymers,nhymers8m@instagram.com,SlVXkyr6SZ,214-195-5537,310
312,Daniella,Kubek,dkubek8n@myspace.com,LbN7mYqKngO,303-242-6352,311
313,Harlan,Tiebe,htiebe8o@cdc.gov,fuu2k96MS,202-655-8198,312
314,Woodman,Gallop,wgallop8p@godaddy.com,oxVGsSsnyY2V,707-771-8726,313
315,Kristen,Horsfield,khorsfield8q@pinterest.com,S3JoflERe0Yl,805-449-2720,314
316,Valenka,Dirand,vdirand8r@patch.com,Z9hSx6DN,712-528-0711,315
317,Jerry,Meneyer,jmeneyer8s@twitpic.com,GcBk4xOsesXJ,702-614-9574,316
318,Archibold,Banbury,abanbury8t@odnoklassniki.ru,ok5UAhDmlDpg,661-583-9972,317
319,Katey,Bruckent,kbruckent8u@ihg.com,eX3NRF,510-106-2951,318
320,Callean,Garrity,cgarrity8v@oracle.com,mJwJki,913-412-5043,319
321,Nappy,Ketton,nketton8w@bing.com,C39r2EIlt,254-427-6614,320
322,Darbee,Kaesmakers,dkaesmakers8x@exblog.jp,qwsNDE,312-531-7618,321
323,Ken,Sheere,ksheere8y@tripod.com,bzxbvaU,661-981-3138,322
324,Bendite,Baud,bbaud8z@de.vu,6W1kOhDDzO,216-338-2515,323
325,Rickert,Kyle,rkyle90@ebay.com,Jl7XvemYe,701-908-1796,324
326,Rudyard,Hatfull,rhatfull91@dion.ne.jp,XK6Z9lu,661-733-8134,325
327,Rachelle,Kirman,rkirman92@arstechnica.com,zD1MAh5AyyU,336-914-9164,326
328,Shayla,Rohlf,srohlf93@youku.com,cE73lH2pOv,816-245-6378,327
329,Benoit,Spinello,bspinello94@creativecommons.org,31LfqU62nd,901-179-7480,328
330,Caryl,Rollo,crollo95@statcounter.com,1ONvjUvq2,989-663-3819,329
331,Annice,Colegate,acolegate96@uol.com.br,h37oK2t7g3,915-544-0582,330
332,Maxi,Mort,mmort97@digg.com,9i89I9tMO,775-342-0140,331
333,Lucais,Nurcombe,lnurcombe98@amazon.co.jp,GfMkT0,786-412-9032,332
334,Tabor,Hobgen,thobgen99@squarespace.com,TzMu6ZddbTr,203-217-4803,333
335,Drugi,Veillard,dveillard9a@buzzfeed.com,ZIKLAyb,413-653-2526,334
336,Isiahi,Stallibrass,istallibrass9b@unesco.org,ajnySSRmA,951-727-4566,335
337,Jodie,McCloughlin,jmccloughlin9c@marketwatch.com,1HtWe9V,763-987-9579,336
338,Asher,Wickwarth,awickwarth9d@gizmodo.com,jLJcBpB,503-850-1879,337
339,Hetti,Norcott,hnorcott9e@amazon.de,eE0Z8JC,502-996-1053,338
340,Alvan,Dobrovolny,adobrovolny9f@toplist.cz,WkxTisaYobE9,702-709-3059,339
341,Florentia,Janu,fjanu9g@fastcompany.com,2npjA7,330-368-3827,340
342,Homere,Bickley,hbickley9h@pinterest.com,UIXb06lRvf,210-197-5291,341
343,Heddi,Teare,hteare9i@home.pl,WKHp7g14G,561-511-7711,342
344,Yvor,Eason,yeason9j@vinaora.com,9h0uXQqvw2,401-693-1830,343
345,Ranice,Brigdale,rbrigdale9k@over-blog.com,x2uhTNNe9,785-744-2719,344
346,Fifine,Regenhardt,fregenhardt9l@oracle.com,1pjLk9GOfI4,718-202-0873,345
347,Anton,Gray,agray9m@aol.com,8YebvZr,305-719-6055,346
348,Aimil,Theobold,atheobold9n@mashable.com,c0qnO4,217-107-2699,347
349,Elisabet,Bubb,ebubb9o@marketwatch.com,TK1utd2915ht,760-500-7355,348
350,Joelie,Polhill,jpolhill9p@youku.com,JoiYyYCt0GAv,215-915-7819,349
351,Aloysia,Lathom,alathom9q@webs.com,eOZ7JSWaP,504-489-6276,350
352,Sapphire,Dallywater,sdallywater9r@devhub.com,EjnuBYNK4,254-183-5142,351
353,Zahara,Pischof,zpischof9s@pagesperso-orange.fr,AXc9ZKX5,304-659-8718,352
354,Trista,Luckett,tluckett9t@yellowbook.com,IN7kuFh44Ys,626-772-5324,353
355,Virgie,Goves,vgoves9u@list-manage.com,qVMXSQJHOM6,305-871-0859,354
356,Marsiella,Scamel,mscamel9v@abc.net.au,Sb5qTJKl,410-721-4041,355
357,Quillan,Tarbert,qtarbert9w@soundcloud.com,1ueY11GYjpnd,318-272-6804,356
358,Rachael,Stoker,rstoker9x@domainmarket.com,GtoUzFYlIW,207-795-3402,357
359,Ulrike,Barthelmes,ubarthelmes9y@t-online.de,wko2QZhv,386-289-0341,358
360,Larissa,Cufflin,lcufflin9z@i2i.jp,P7tzXrJ,508-764-3335,359
361,Sal,Dash,sdasha0@umich.edu,Y70wuB,651-815-8234,360
362,Kiah,Karoly,kkarolya1@time.com,tPJiyfuAv3n,408-978-3944,361
363,Reece,Sutherden,rsutherdena2@wiley.com,vI4Gt7L,202-125-4494,362
364,Niall,Geleman,ngelemana3@instagram.com,njooEMiMyC,786-951-1391,363
365,Nye,Ferraresi,nferraresia4@example.com,6cJ34Y,571-342-2472,364
366,Doll,Such,dsucha5@mapy.cz,O1kBlzxzqt,214-584-3831,365
367,Aldon,Skillington,askillingtona6@digg.com,SCU2tsmX,801-764-8077,366
368,Alphard,Van der Kruis,avanderkruisa7@google.cn,KqKVW5vVAvG,719-597-4530,367
369,Royce,Yushmanov,ryushmanova8@archive.org,ZHx5xMA01,402-559-5345,368
370,Rania,Frangello,rfrangelloa9@globo.com,FecN05,210-337-8392,369
371,Andrea,McNess,amcnessaa@spotify.com,5N65GgDOjhiB,217-352-2635,370
372,Adah,Telling,atellingab@hp.com,JzO2F3LA,334-344-8136,371
373,Rhett,Goolding,rgooldingac@techcrunch.com,9yBdX7O5Hl,609-287-0530,372
374,Frederic,Reuther,freutherad@prnewswire.com,zJuwH74,540-556-9995,373
375,Gianina,Windybank,gwindybankae@dailymotion.com,kss2VMfQ,973-838-3740,374
376,Ulrich,Storch,ustorchaf@privacy.gov.au,UWyw64,812-384-5957,375
377,Hartwell,Mattussevich,hmattussevichag@webeden.co.uk,y908bPvr,763-610-5894,376
378,Ree,Heinzler,rheinzlerah@nih.gov,wCnSbAmH9v,862-604-3132,377
379,Colby,Quernel,cquernelai@paypal.com,8mMUY2hk2,325-652-9301,378
380,Karel,Bisatt,kbisattaj@photobucket.com,UBiaogftnNIa,860-223-8735,379
381,Darelle,Kahn,dkahnak@cornell.edu,x9pvEif,989-159-9099,380
382,Seymour,Bauchop,sbauchopal@slideshare.net,BLiHXi93,915-118-9707,381
383,Domeniga,Eastam,deastamam@usda.gov,obbp5HZa5jx,602-759-0561,382
384,Anneliese,MacKenny,amackennyan@homestead.com,TOEqPxJoJU,202-547-9659,383
385,Lorianna,Avraham,lavrahamao@ycombinator.com,mwhyVxw,407-255-4987,384
386,Ella,Veel,eveelap@furl.net,ycofHEY4Yk,757-710-9439,385
387,Lilas,Gellier,lgellieraq@gov.uk,FkvLc1C,813-119-2534,386
388,Nathalia,De Ambrosi,ndeambrosiar@unesco.org,7VHNWBjHx,702-173-0510,387
389,Gaston,Prichard,gprichardas@ihg.com,zoFLfAuB4e6,972-588-5337,388
390,Theodora,Stanway,tstanwayat@ycombinator.com,2tDhJea,727-678-8224,389
391,Maritsa,Helsby,mhelsbyau@engadget.com,8gI0AzXy,256-498-9920,390
392,Frasier,Emanuelli,femanuelliav@zdnet.com,Ckuex4bGR,757-734-3178,391
393,Conney,Andrin,candrinaw@flickr.com,XGoP546,585-490-4137,392
394,Carr,Essex,cessexax@amazon.co.jp,fOasrmHXgIa,312-387-1713,393
395,Cthrine,Duns,cdunsay@1und1.de,KJdNgk2An,570-230-3669,394
396,Fredi,Garms,fgarmsaz@tuttocitta.it,qzvF7P8i7zt,915-790-5990,395
397,Maximilianus,Birts,mbirtsb0@sfgate.com,CyVuwtJ2CTDD,865-590-5004,396
398,Aggy,Oldaker,aoldakerb1@techcrunch.com,t1pEWCx,309-351-1434,397
399,Barbabra,Strathearn,bstrathearnb2@surveymonkey.com,wO6MgLsy3lr,682-950-1563,398
400,Terrel,Reely,treelyb3@etsy.com,5zTu7YEQ,325-820-8108,399
